Platform Name,Category
MakeMyTrip,Online Travel Agency (OTA)
EaseMyTrip,Online Travel Agency (OTA)
ixigo,Online Travel Agency (OTA)
Cleartrip,Online Travel Agency (OTA)
Yatra,Online Travel Agency (OTA)
Goibibo,Online Travel Agency (OTA)
HappyFares,Online Travel Agency (OTA)
Flipkart Flights,Online Travel Agency (OTA)
Paytm Flights,Online Travel Agency (OTA)
Amazon Flights,Online Travel Agency (OTA)
Thomas Cook India,Online Travel Agency (OTA)
Travelguru,Online Travel Agency (OTA)
Booking.com,Online Travel Agency (OTA - Global)
Agoda,Online Travel Agency (OTA - Global)
Expedia,Online Travel Agency (OTA - Global)
Trip.com,Online Travel Agency (OTA - Global)
Traveloka,Online Travel Agency (OTA - Global)
Google Flights,Flight Aggregator / Search Engine
Skyscanner,Flight Aggregator / Search Engine
KAYAK,Flight Aggregator / Search Engine
Wego,Flight Aggregator / Search Engine
IndiGo,Direct Airline Website
Air India,Direct Airline Website
Air India Express,Direct Airline Website
Akasa Air,Direct Airline Website
SpiceJet,Direct Airline Website
