Feature,Mean_Absolute_SHAP,Mean_SHAP,Random_Forest_Impurity_Importance
Duration_Minutes,1743.45907844,210.50240132,0.33905148
Airline,1461.00750398,-397.62711275,0.14538242
Additional_Info,758.87848112,269.81515267,0.08752164
Journey_Day,418.72691586,27.99841122,0.07149053
Route,316.08958558,-81.24848447,0.05934669
Month_Cos,242.99639356,-33.31786315,0.02032956
Number_of_Stops,234.44542342,48.01325335,0.04329407
Stop_Category,209.93094836,54.27238882,0.04580831
Journey_Month,208.44809312,-31.09040605,0.01811280
Route_Leg_Count,167.88160827,24.78829365,0.03098143
Destination,156.22707731,12.46635722,0.01951800
Journey_DayOfWeek,147.62537952,20.10750310,0.02807020
Month_Sin,118.74006576,-18.03998471,0.00835237
Departure_Hour_Cos,106.77846293,-4.14972703,0.01551187
Source,87.26554597,28.14892754,0.00888855
Departure_Hour_Sin,68.59504460,8.52127607,0.01360389
Arrival_Hour_Sin,63.01880262,7.77212327,0.00988773
Arrival_Hour,54.37357495,11.97359823,0.01122303
Departure_Hour,43.95633674,-2.37528333,0.00893046
Arrival_Hour_Cos,38.38169763,11.66283080,0.00722320
Is_Weekend,24.57944025,0.50258287,0.00233120
Arrival_Period,17.86914577,-0.50286814,0.00248372
Departure_Period,13.72005249,2.27774897,0.00265686
Season,0.00000000,0.00000000,0.00000000
Journey_Year,0.00000000,0.00000000,0.00000000
