Feature,Value,SHAP_Contribution,Model_Baseline,Model_Prediction,Absolute_SHAP_Contribution
Duration_Minutes,170,-2520.27038764,9029.75660008,5132.71966931,2520.27038764
Airline,IndiGo,-987.66392237,9029.75660008,5132.71966931,987.66392237
Journey_Day,24,-941.36938980,9029.75660008,5132.71966931,941.36938980
Destination,New Delhi,520.18624534,9029.75660008,5132.71966931,520.18624534
Additional_Info,No info,312.73733665,9029.75660008,5132.71966931,312.73733665
Number_of_Stops,0.0,-290.11124636,9029.75660008,5132.71966931,290.11124636
Journey_DayOfWeek,6,265.98615420,9029.75660008,5132.71966931,265.98615420
Month_Cos,0.5000000000000001,252.30604912,9029.75660008,5132.71966931,252.30604912
Route_Leg_Count,1,-247.92287215,9029.75660008,5132.71966931,247.92287215
Journey_Month,3,231.02827287,9029.75660008,5132.71966931,231.02827287
Route,BLR → DEL,-163.79668893,9029.75660008,5132.71966931,163.79668893
Arrival_Hour_Sin,0.3007057995042732,-148.59886030,9029.75660008,5132.71966931,148.59886030
Stop_Category,Nonstop,-126.70911967,9029.75660008,5132.71966931,126.70911967
Departure_Hour_Sin,-0.4226182617407008,-83.95208096,9029.75660008,5132.71966931,83.95208096
Departure_Hour_Cos,0.9063077870366492,-65.59474206,9029.75660008,5132.71966931,65.59474206
Departure_Hour,22.33333333333333,44.49937538,9029.75660008,5132.71966931,44.49937538
Source,Bangalore,40.06200629,9029.75660008,5132.71966931,40.06200629
Arrival_Hour_Cos,0.9537169507482268,-39.86851301,9029.75660008,5132.71966931,39.86851301
Is_Weekend,1,31.97580962,9029.75660008,5132.71966931,31.97580962
Arrival_Hour,1.1666666666666667,30.45983838,9029.75660008,5132.71966931,30.45983838
Month_Sin,0.8660254037844386,22.22619178,9029.75660008,5132.71966931,22.22619178
Departure_Period,Night,-18.04051372,9029.75660008,5132.71966931,18.04051372
Arrival_Period,Night,-14.60587342,9029.75660008,5132.71966931,14.60587342
Season,Summer,0.00000000,9029.75660008,5132.71966931,0.00000000
Journey_Year,2019,0.00000000,9029.75660008,5132.71966931,0.00000000
